CREATE DATABASE  IF NOT EXISTS `matchbot` /*!40100 DEFAULT CHARACTER SET utf8mb4 COLLATE utf8mb4_unicode_ci */ /*!80016 DEFAULT ENCRYPTION='N' */;
USE `matchbot`;
-- MySQL dump 10.13  Distrib 8.0.21, for Win64 (x86_64)
--
-- Host: 127.0.0.1    Database: matchbot
-- ------------------------------------------------------
-- Server version	8.0.21

/*!40101 SET @OLD_CHARACTER_SET_CLIENT=@@CHARACTER_SET_CLIENT */;
/*!40101 SET @OLD_CHARACTER_SET_RESULTS=@@CHARACTER_SET_RESULTS */;
/*!40101 SET @OLD_COLLATION_CONNECTION=@@COLLATION_CONNECTION */;
/*!50503 SET NAMES utf8 */;
/*!40103 SET @OLD_TIME_ZONE=@@TIME_ZONE */;
/*!40103 SET TIME_ZONE='+00:00' */;
/*!40014 SET @OLD_UNIQUE_CHECKS=@@UNIQUE_CHECKS, UNIQUE_CHECKS=0 */;
/*!40014 SET @OLD_FOREIGN_KEY_CHECKS=@@FOREIGN_KEY_CHECKS, FOREIGN_KEY_CHECKS=0 */;
/*!40101 SET @OLD_SQL_MODE=@@SQL_MODE, SQL_MODE='NO_AUTO_VALUE_ON_ZERO' */;
/*!40111 SET @OLD_SQL_NOTES=@@SQL_NOTES, SQL_NOTES=0 */;

--
-- Table structure for table `bets`
--

DROP TABLE IF EXISTS `bets`;
/*!40101 SET @saved_cs_client     = @@character_set_client */;
/*!50503 SET character_set_client = utf8mb4 */;
CREATE TABLE `bets` (
  `bet_id` int NOT NULL AUTO_INCREMENT,
  `user_id` int DEFAULT NULL,
  `betEvens` float DEFAULT NULL,
  `betAmount` int DEFAULT NULL,
  `fixture_id` int DEFAULT NULL,
  `bet_on` varchar(1) DEFAULT NULL,
  `successful` tinyint(1) DEFAULT NULL,
  PRIMARY KEY (`bet_id`),
  KEY `user_id` (`user_id`),
  KEY `fixture_id` (`fixture_id`),
  CONSTRAINT `bets_ibfk_1` FOREIGN KEY (`user_id`) REFERENCES `users` (`user_id`),
  CONSTRAINT `bets_ibfk_2` FOREIGN KEY (`fixture_id`) REFERENCES `fixtures` (`fixture_id`)
) ENGINE=InnoDB AUTO_INCREMENT=52 DEFAULT CHARSET=utf8mb4 COLLATE=utf8mb4_unicode_ci;
/*!40101 SET character_set_client = @saved_cs_client */;

--
-- Dumping data for table `bets`
--

LOCK TABLES `bets` WRITE;
/*!40000 ALTER TABLE `bets` DISABLE KEYS */;
INSERT INTO `bets` VALUES (17,12,1.53,10,592154,'H',1),(18,13,1.53,10,592154,'H',1),(19,13,6,10,592154,'A',0),(20,12,3.1,10,592159,'H',0),(21,13,1.3,15,592157,'H',0),(22,12,1.5,10,592151,'H',1),(23,13,1.5,10,592151,'H',1),(24,9,6,20,592155,'A',0),(25,9,2.3,10,592159,'A',1),(26,9,4.5,10,592151,'D',0),(27,15,1.5,15,592151,'H',1),(28,9,1.53,10,592154,'H',1),(29,11,1.57,15,592155,'H',1),(30,11,1.5,20,592151,'H',1),(31,11,2.3,10,592159,'A',1),(32,9,3.25,10,592153,'H',0),(33,12,3.6,10,592153,'D',0),(34,11,1.6,10,592156,'H',1),(35,12,1.6,10,592156,'H',1),(36,12,8.5,10,592169,'H',0),(37,13,8.5,10,592169,'H',0),(38,9,8.5,5,592169,'H',0),(39,11,2.1,10,592163,'A',0),(40,12,2.1,10,592163,'A',0),(41,11,1.36,10,592169,'A',0),(42,12,2.05,10,592170,'A',0),(43,11,2.63,10,592167,'A',0),(44,12,1.36,10,592169,'A',0),(45,12,2.63,10,592167,'A',0),(46,9,2.1,10,592163,'A',0),(47,9,9,5,592169,'H',0),(48,12,9.5,10,592166,'A',0),(49,11,2.05,10,592170,'A',0),(50,9,2.63,20,592167,'A',0),(51,11,6.5,5,592168,'A',0);
/*!40000 ALTER TABLE `bets` ENABLE KEYS */;
UNLOCK TABLES;
/*!50003 SET @saved_cs_client      = @@character_set_client */ ;
/*!50003 SET @saved_cs_results     = @@character_set_results */ ;
/*!50003 SET @saved_col_connection = @@collation_connection */ ;
/*!50003 SET character_set_client  = utf8mb4 */ ;
/*!50003 SET character_set_results = utf8mb4 */ ;
/*!50003 SET collation_connection  = utf8mb4_unicode_ci */ ;
/*!50003 SET @saved_sql_mode       = @@sql_mode */ ;
/*!50003 SET sql_mode              = 'STRICT_TRANS_TABLES,NO_ENGINE_SUBSTITUTION' */ ;
DELIMITER ;;
/*!50003 CREATE*/ /*!50017 DEFINER=`root`@`localhost`*/ /*!50003 TRIGGER `update_amount` AFTER UPDATE ON `bets` FOR EACH ROW UPDATE users
    SET coins = IF(NEW.successful = 1, coins + NEW.betAmount * NEW.betEvens, coins)
		WHERE users.user_id = NEW.user_ID */;;
DELIMITER ;
/*!50003 SET sql_mode              = @saved_sql_mode */ ;
/*!50003 SET character_set_client  = @saved_cs_client */ ;
/*!50003 SET character_set_results = @saved_cs_results */ ;
/*!50003 SET collation_connection  = @saved_col_connection */ ;

--
-- Table structure for table `fixtures`
--

DROP TABLE IF EXISTS `fixtures`;
/*!40101 SET @saved_cs_client     = @@character_set_client */;
/*!50503 SET character_set_client = utf8mb4 */;
CREATE TABLE `fixtures` (
  `fixture_id` int NOT NULL AUTO_INCREMENT,
  `home` varchar(30) DEFAULT NULL,
  `home_evens` float DEFAULT NULL,
  `away` varchar(30) DEFAULT NULL,
  `away_evens` float DEFAULT NULL,
  `draw_evens` float DEFAULT NULL,
  `m_starts` datetime DEFAULT NULL,
  `m_ends` datetime DEFAULT NULL,
  `result` varchar(1) DEFAULT NULL,
  `league_id` int DEFAULT NULL,
  `isPostponed` tinyint(1) DEFAULT NULL,
  PRIMARY KEY (`fixture_id`)
) ENGINE=InnoDB AUTO_INCREMENT=592876 DEFAULT CHARSET=utf8mb4 COLLATE=utf8mb4_unicode_ci;
/*!40101 SET character_set_client = @saved_cs_client */;

--
-- Dumping data for table `fixtures`
--

LOCK TABLES `fixtures` WRITE;
/*!40000 ALTER TABLE `fixtures` DISABLE KEYS */;
INSERT INTO `fixtures` VALUES (592141,'Burnley',NULL,'Manchester United',NULL,NULL,'2020-09-12 19:30:00',NULL,NULL,2790,1),(592142,'Crystal Palace',3.4,'Southampton',2.2,3.25,'2020-09-12 19:30:00',NULL,'H',2790,0),(592143,'Fulham',6,'Arsenal',1.5,4.5,'2020-09-12 17:00:00',NULL,'A',2790,0),(592144,'Liverpool',1.29,'Leeds',9.5,6,'2020-09-12 22:00:00',NULL,'H',2790,0),(592145,'Manchester City',NULL,'Aston Villa',NULL,NULL,'2020-09-12 19:30:00',NULL,NULL,2790,1),(592146,'Tottenham',1.95,'Everton',4,3.4,'2020-09-13 21:00:00',NULL,'A',2790,0),(592147,'West Brom',3.25,'Leicester',2.2,3.4,'2020-09-13 18:30:00',NULL,'A',2790,0),(592148,'West Ham',1.91,'Newcastle',3.9,3.75,'2020-09-13 00:30:00',NULL,'A',2790,0),(592149,'Brighton',5.5,'Chelsea',1.57,4.33,'2020-09-15 00:45:00',NULL,'A',2790,0),(592150,'Sheffield Utd',3.3,'Wolves',2.38,3,'2020-09-14 22:30:00',NULL,'A',2790,0),(592151,'Arsenal',1.5,'West Ham',5.75,4.5,'2020-09-20 00:30:00',NULL,'H',2790,0),(592152,'Aston Villa',2.7,'Sheffield Utd',2.75,3.1,'2020-09-21 22:30:00',NULL,'H',2790,0),(592153,'Chelsea',3.25,'Liverpool',2.1,3.6,'2020-09-20 21:00:00',NULL,'A',2790,0),(592154,'Everton',1.53,'West Brom',6,4,'2020-09-19 17:00:00',NULL,'H',2790,0),(592155,'Leeds',1.57,'Fulham',6,3.8,'2020-09-19 19:30:00',NULL,'H',2790,0),(592156,'Leicester',1.6,'Burnley',5.75,3.8,'2020-09-20 23:30:00',NULL,'H',2790,0),(592157,'Manchester United',1.3,'Crystal Palace',9,5.5,'2020-09-19 22:00:00',NULL,'A',2790,0),(592158,'Newcastle',2.5,'Brighton',2.9,3.1,'2020-09-20 18:30:00',NULL,'A',2790,0),(592159,'Southampton',3.1,'Tottenham',2.3,3.2,'2020-09-20 16:30:00',NULL,'A',2790,0),(592160,'Wolves',6,'Manchester City',1.5,4.5,'2020-09-22 00:45:00',NULL,'A',2790,0),(592161,'Brighton',4.75,'Manchester United',1.73,3.75,'2020-09-26 17:00:00',NULL,NULL,2790,0),(592162,'Burnley',3.2,'Southampton',2.3,3.3,'2020-09-27 00:30:00',NULL,NULL,2790,0),(592163,'Crystal Palace',3.75,'Everton',2.05,3.4,'2020-09-26 19:30:00',NULL,NULL,2790,0),(592164,'Fulham',2.9,'Aston Villa',2.5,3.25,'2020-09-28 22:30:00',NULL,NULL,2790,0),(592165,'Liverpool',NULL,'Arsenal',NULL,NULL,'2020-09-29 00:45:00',NULL,NULL,2790,0),(592166,'Manchester City',1.29,'Leicester',9.5,6,'2020-09-27 21:00:00',NULL,NULL,2790,0),(592167,'Sheffield Utd',2.7,'Leeds',2.63,3.3,'2020-09-27 16:30:00',NULL,NULL,2790,0),(592168,'Tottenham',1.45,'Newcastle',7,4.5,'2020-09-27 18:30:00',NULL,NULL,2790,0),(592169,'West Brom',6.5,'Chelsea',1.44,4.75,'2020-09-26 22:00:00',NULL,NULL,2790,0),(592170,'West Ham',3.6,'Wolves',2.05,3.5,'2020-09-27 23:30:00',NULL,NULL,2790,0),(592171,'Arsenal',NULL,'Sheffield Utd',NULL,NULL,'2020-10-03 19:30:00',NULL,NULL,2790,0),(592172,'Aston Villa',NULL,'Liverpool',NULL,NULL,'2020-10-03 19:30:00',NULL,NULL,2790,0),(592173,'Chelsea',NULL,'Crystal Palace',NULL,NULL,'2020-10-03 19:30:00',NULL,NULL,2790,0),(592174,'Everton',NULL,'Brighton',NULL,NULL,'2020-10-03 19:30:00',NULL,NULL,2790,0),(592175,'Leeds',NULL,'Manchester City',NULL,NULL,'2020-10-03 19:30:00',NULL,NULL,2790,0),(592176,'Leicester',NULL,'West Ham',NULL,NULL,'2020-10-03 19:30:00',NULL,NULL,2790,0),(592177,'Manchester United',NULL,'Tottenham',NULL,NULL,'2020-10-03 19:30:00',NULL,NULL,2790,0),(592178,'Newcastle',NULL,'Burnley',NULL,NULL,'2020-10-03 19:30:00',NULL,NULL,2790,0),(592179,'Southampton',NULL,'West Brom',NULL,NULL,'2020-10-03 19:30:00',NULL,NULL,2790,0),(592180,'Wolves',NULL,'Fulham',NULL,NULL,'2020-10-03 19:30:00',NULL,NULL,2790,0),(592181,'Chelsea',NULL,'Southampton',NULL,NULL,'2020-10-17 19:30:00',NULL,NULL,2790,0),(592182,'Crystal Palace',NULL,'Brighton',NULL,NULL,'2020-10-17 19:30:00',NULL,NULL,2790,0),(592183,'Everton',NULL,'Liverpool',NULL,NULL,'2020-10-17 19:30:00',NULL,NULL,2790,0),(592184,'Leeds',NULL,'Wolves',NULL,NULL,'2020-10-17 19:30:00',NULL,NULL,2790,0),(592185,'Leicester',NULL,'Aston Villa',NULL,NULL,'2020-10-17 19:30:00',NULL,NULL,2790,0),(592186,'Manchester City',NULL,'Arsenal',NULL,NULL,'2020-10-17 19:30:00',NULL,NULL,2790,0),(592187,'Newcastle',NULL,'Manchester United',NULL,NULL,'2020-10-17 19:30:00',NULL,NULL,2790,0),(592188,'Sheffield Utd',NULL,'Fulham',NULL,NULL,'2020-10-17 19:30:00',NULL,NULL,2790,0),(592189,'Tottenham',NULL,'West Ham',NULL,NULL,'2020-10-17 19:30:00',NULL,NULL,2790,0),(592190,'West Brom',NULL,'Burnley',NULL,NULL,'2020-10-17 19:30:00',NULL,NULL,2790,0),(592191,'Arsenal',NULL,'Leicester',NULL,NULL,'2020-10-24 05:30:00',NULL,NULL,2790,0),(592192,'Aston Villa',NULL,'Leeds',NULL,NULL,'2020-10-24 19:30:00',NULL,NULL,2790,0),(592193,'Brighton',NULL,'West Brom',NULL,NULL,'2020-10-24 19:30:00',NULL,NULL,2790,0),(592194,'Burnley',NULL,'Tottenham',NULL,NULL,'2020-10-24 19:30:00',NULL,NULL,2790,0),(592195,'Fulham',NULL,'Crystal Palace',NULL,NULL,'2020-10-24 19:30:00',NULL,NULL,2790,0),(592196,'Liverpool',NULL,'Sheffield Utd',NULL,NULL,'2020-10-24 19:30:00',NULL,NULL,2790,0),(592197,'Manchester United',NULL,'Chelsea',NULL,NULL,'2020-10-24 19:30:00',NULL,NULL,2790,0),(592198,'Southampton',NULL,'Everton',NULL,NULL,'2020-10-24 19:30:00',NULL,NULL,2790,0),(592199,'West Ham',NULL,'Manchester City',NULL,NULL,'2020-10-24 19:30:00',NULL,NULL,2790,0),(592200,'Wolves',NULL,'Newcastle',NULL,NULL,'2020-10-24 19:30:00',NULL,NULL,2790,0),(592201,'Aston Villa',NULL,'Southampton',NULL,NULL,'2020-10-31 20:30:00',NULL,NULL,2790,0),(592202,'Burnley',NULL,'Chelsea',NULL,NULL,'2020-10-31 20:30:00',NULL,NULL,2790,0),(592203,'Fulham',NULL,'West Brom',NULL,NULL,'2020-10-31 20:30:00',NULL,NULL,2790,0),(592204,'Leeds',NULL,'Leicester',NULL,NULL,'2020-10-31 05:30:00',NULL,NULL,2790,0),(592205,'Liverpool',NULL,'West Ham',NULL,NULL,'2020-10-31 20:30:00',NULL,NULL,2790,0),(592206,'Manchester United',NULL,'Arsenal',NULL,NULL,'2020-10-31 05:30:00',NULL,NULL,2790,0),(592207,'Newcastle',NULL,'Everton',NULL,NULL,'2020-10-31 20:30:00',NULL,NULL,2790,0),(592208,'Sheffield Utd',NULL,'Manchester City',NULL,NULL,'2020-10-31 20:30:00',NULL,NULL,2790,0),(592209,'Tottenham',NULL,'Brighton',NULL,NULL,'2020-10-31 20:30:00',NULL,NULL,2790,0),(592210,'Wolves',NULL,'Crystal Palace',NULL,NULL,'2020-10-31 20:30:00',NULL,NULL,2790,0),(592211,'Arsenal',NULL,'Aston Villa',NULL,NULL,'2020-11-07 05:30:00',NULL,NULL,2790,0),(592212,'Brighton',NULL,'Burnley',NULL,NULL,'2020-11-07 20:30:00',NULL,NULL,2790,0),(592213,'Chelsea',NULL,'Sheffield Utd',NULL,NULL,'2020-11-07 20:30:00',NULL,NULL,2790,0),(592214,'Crystal Palace',NULL,'Leeds',NULL,NULL,'2020-11-07 20:30:00',NULL,NULL,2790,0),(592215,'Everton',NULL,'Manchester United',NULL,NULL,'2020-11-07 20:30:00',NULL,NULL,2790,0),(592216,'Leicester',NULL,'Wolves',NULL,NULL,'2020-11-07 05:30:00',NULL,NULL,2790,0),(592217,'Manchester City',NULL,'Liverpool',NULL,NULL,'2020-11-07 20:30:00',NULL,NULL,2790,0),(592218,'Southampton',NULL,'Newcastle',NULL,NULL,'2020-11-07 20:30:00',NULL,NULL,2790,0),(592219,'West Brom',NULL,'Tottenham',NULL,NULL,'2020-11-07 20:30:00',NULL,NULL,2790,0),(592220,'West Ham',NULL,'Fulham',NULL,NULL,'2020-11-07 20:30:00',NULL,NULL,2790,0),(592221,'Aston Villa',NULL,'Brighton',NULL,NULL,'2020-11-21 20:30:00',NULL,NULL,2790,0),(592222,'Burnley',NULL,'Crystal Palace',NULL,NULL,'2020-11-21 20:30:00',NULL,NULL,2790,0),(592223,'Fulham',NULL,'Everton',NULL,NULL,'2020-11-21 20:30:00',NULL,NULL,2790,0),(592224,'Leeds',NULL,'Arsenal',NULL,NULL,'2020-11-21 20:30:00',NULL,NULL,2790,0),(592225,'Liverpool',NULL,'Leicester',NULL,NULL,'2020-11-21 20:30:00',NULL,NULL,2790,0),(592226,'Manchester United',NULL,'West Brom',NULL,NULL,'2020-11-21 20:30:00',NULL,NULL,2790,0),(592227,'Newcastle',NULL,'Chelsea',NULL,NULL,'2020-11-21 20:30:00',NULL,NULL,2790,0),(592228,'Sheffield Utd',NULL,'West Ham',NULL,NULL,'2020-11-21 20:30:00',NULL,NULL,2790,0),(592229,'Tottenham',NULL,'Manchester City',NULL,NULL,'2020-11-21 20:30:00',NULL,NULL,2790,0),(592230,'Wolves',NULL,'Southampton',NULL,NULL,'2020-11-21 20:30:00',NULL,NULL,2790,0),(592231,'Arsenal',NULL,'Wolves',NULL,NULL,'2020-11-28 05:30:00',NULL,NULL,2790,0),(592232,'Brighton',NULL,'Liverpool',NULL,NULL,'2020-11-28 20:30:00',NULL,NULL,2790,0),(592233,'Chelsea',NULL,'Tottenham',NULL,NULL,'2020-11-28 20:30:00',NULL,NULL,2790,0),(592234,'Crystal Palace',NULL,'Newcastle',NULL,NULL,'2020-11-28 20:30:00',NULL,NULL,2790,0),(592235,'Everton',NULL,'Leeds',NULL,NULL,'2020-11-28 20:30:00',NULL,NULL,2790,0),(592236,'Leicester',NULL,'Fulham',NULL,NULL,'2020-11-28 05:30:00',NULL,NULL,2790,0),(592237,'Manchester City',NULL,'Burnley',NULL,NULL,'2020-11-28 20:30:00',NULL,NULL,2790,0),(592238,'Southampton',NULL,'Manchester United',NULL,NULL,'2020-11-28 20:30:00',NULL,NULL,2790,0),(592239,'West Brom',NULL,'Sheffield Utd',NULL,NULL,'2020-11-28 20:30:00',NULL,NULL,2790,0),(592240,'West Ham',NULL,'Aston Villa',NULL,NULL,'2020-11-28 20:30:00',NULL,NULL,2790,0),(592241,'Aston Villa',NULL,'Newcastle',NULL,NULL,'2020-12-05 20:30:00',NULL,NULL,2790,0),(592242,'Brighton',NULL,'Southampton',NULL,NULL,'2020-12-05 20:30:00',NULL,NULL,2790,0),(592243,'Burnley',NULL,'Everton',NULL,NULL,'2020-12-05 20:30:00',NULL,NULL,2790,0),(592244,'Chelsea',NULL,'Leeds',NULL,NULL,'2020-12-05 20:30:00',NULL,NULL,2790,0),(592245,'Liverpool',NULL,'Wolves',NULL,NULL,'2020-12-05 20:30:00',NULL,NULL,2790,0),(592246,'Manchester City',NULL,'Fulham',NULL,NULL,'2020-12-05 20:30:00',NULL,NULL,2790,0),(592247,'Sheffield Utd',NULL,'Leicester',NULL,NULL,'2020-12-05 05:30:00',NULL,NULL,2790,0),(592248,'Tottenham',NULL,'Arsenal',NULL,NULL,'2020-12-05 05:30:00',NULL,NULL,2790,0),(592249,'West Brom',NULL,'Crystal Palace',NULL,NULL,'2020-12-05 20:30:00',NULL,NULL,2790,0),(592250,'West Ham',NULL,'Manchester United',NULL,NULL,'2020-12-05 20:30:00',NULL,NULL,2790,0),(592251,'Arsenal',NULL,'Burnley',NULL,NULL,'2020-12-13 05:30:00',NULL,NULL,2790,0),(592252,'Crystal Palace',NULL,'Tottenham',NULL,NULL,'2020-12-12 20:30:00',NULL,NULL,2790,0),(592253,'Everton',NULL,'Chelsea',NULL,NULL,'2020-12-12 20:30:00',NULL,NULL,2790,0),(592254,'Fulham',NULL,'Liverpool',NULL,NULL,'2020-12-12 20:30:00',NULL,NULL,2790,0),(592255,'Leeds',NULL,'West Ham',NULL,NULL,'2020-12-12 20:30:00',NULL,NULL,2790,0),(592256,'Leicester',NULL,'Brighton',NULL,NULL,'2020-12-13 05:30:00',NULL,NULL,2790,0),(592257,'Manchester United',NULL,'Manchester City',NULL,NULL,'2020-12-12 20:30:00',NULL,NULL,2790,0),(592258,'Newcastle',NULL,'West Brom',NULL,NULL,'2020-12-12 20:30:00',NULL,NULL,2790,0),(592259,'Southampton',NULL,'Sheffield Utd',NULL,NULL,'2020-12-12 20:30:00',NULL,NULL,2790,0),(592260,'Wolves',NULL,'Aston Villa',NULL,NULL,'2020-12-12 20:30:00',NULL,NULL,2790,0),(592261,'Arsenal',NULL,'Southampton',NULL,NULL,'2020-12-15 05:30:00',NULL,NULL,2790,0),(592262,'Aston Villa',NULL,'Burnley',NULL,NULL,'2020-12-15 05:30:00',NULL,NULL,2790,0),(592263,'Fulham',NULL,'Brighton',NULL,NULL,'2020-12-15 05:30:00',NULL,NULL,2790,0),(592264,'Leeds',NULL,'Newcastle',NULL,NULL,'2020-12-16 01:15:00',NULL,NULL,2790,0),(592265,'Leicester',NULL,'Everton',NULL,NULL,'2020-12-15 05:30:00',NULL,NULL,2790,0),(592266,'Sheffield Utd',NULL,'Manchester United',NULL,NULL,'2020-12-16 01:15:00',NULL,NULL,2790,0),(592267,'West Ham',NULL,'Crystal Palace',NULL,NULL,'2020-12-16 01:15:00',NULL,NULL,2790,0),(592268,'Wolves',NULL,'Chelsea',NULL,NULL,'2020-12-16 01:15:00',NULL,NULL,2790,0),(592269,'Liverpool',NULL,'Tottenham',NULL,NULL,'2020-12-17 01:30:00',NULL,NULL,2790,0),(592270,'Manchester City',NULL,'West Brom',NULL,NULL,'2020-12-17 01:30:00',NULL,NULL,2790,0),(592271,'Brighton',NULL,'Sheffield Utd',NULL,NULL,'2020-12-19 20:30:00',NULL,NULL,2790,0),(592272,'Burnley',NULL,'Wolves',NULL,NULL,'2020-12-19 20:30:00',NULL,NULL,2790,0),(592273,'Chelsea',NULL,'West Ham',NULL,NULL,'2020-12-19 20:30:00',NULL,NULL,2790,0),(592274,'Crystal Palace',NULL,'Liverpool',NULL,NULL,'2020-12-19 20:30:00',NULL,NULL,2790,0),(592275,'Everton',NULL,'Arsenal',NULL,NULL,'2020-12-19 20:30:00',NULL,NULL,2790,0),(592276,'Manchester United',NULL,'Leeds',NULL,NULL,'2020-12-19 20:30:00',NULL,NULL,2790,0),(592277,'Newcastle',NULL,'Fulham',NULL,NULL,'2020-12-19 20:30:00',NULL,NULL,2790,0),(592278,'Southampton',NULL,'Manchester City',NULL,NULL,'2020-12-19 20:30:00',NULL,NULL,2790,0),(592279,'Tottenham',NULL,'Leicester',NULL,NULL,'2020-12-19 20:30:00',NULL,NULL,2790,0),(592280,'West Brom',NULL,'Aston Villa',NULL,NULL,'2020-12-19 20:30:00',NULL,NULL,2790,0),(592281,'Arsenal',NULL,'Chelsea',NULL,NULL,'2020-12-26 20:30:00',NULL,NULL,2790,0),(592282,'Aston Villa',NULL,'Crystal Palace',NULL,NULL,'2020-12-26 20:30:00',NULL,NULL,2790,0),(592283,'Fulham',NULL,'Southampton',NULL,NULL,'2020-12-26 20:30:00',NULL,NULL,2790,0),(592284,'Leeds',NULL,'Burnley',NULL,NULL,'2020-12-26 20:30:00',NULL,NULL,2790,0),(592285,'Leicester',NULL,'Manchester United',NULL,NULL,'2020-12-26 20:30:00',NULL,NULL,2790,0),(592286,'Liverpool',NULL,'West Brom',NULL,NULL,'2020-12-26 20:30:00',NULL,NULL,2790,0),(592287,'Manchester City',NULL,'Newcastle',NULL,NULL,'2020-12-26 20:30:00',NULL,NULL,2790,0),(592288,'Sheffield Utd',NULL,'Everton',NULL,NULL,'2020-12-26 20:30:00',NULL,NULL,2790,0),(592289,'West Ham',NULL,'Brighton',NULL,NULL,'2020-12-26 20:30:00',NULL,NULL,2790,0),(592290,'Wolves',NULL,'Tottenham',NULL,NULL,'2020-12-26 20:30:00',NULL,NULL,2790,0),(592291,'Brighton',NULL,'Arsenal',NULL,NULL,'2020-12-28 20:30:00',NULL,NULL,2790,0),(592292,'Burnley',NULL,'Sheffield Utd',NULL,NULL,'2020-12-28 20:30:00',NULL,NULL,2790,0),(592293,'Chelsea',NULL,'Aston Villa',NULL,NULL,'2020-12-28 20:30:00',NULL,NULL,2790,0),(592294,'Crystal Palace',NULL,'Leicester',NULL,NULL,'2020-12-28 20:30:00',NULL,NULL,2790,0),(592295,'Everton',NULL,'Manchester City',NULL,NULL,'2020-12-28 20:30:00',NULL,NULL,2790,0),(592296,'Manchester United',NULL,'Wolves',NULL,NULL,'2020-12-28 20:30:00',NULL,NULL,2790,0),(592297,'Newcastle',NULL,'Liverpool',NULL,NULL,'2020-12-28 20:30:00',NULL,NULL,2790,0),(592298,'Southampton',NULL,'West Ham',NULL,NULL,'2020-12-28 20:30:00',NULL,NULL,2790,0),(592299,'Tottenham',NULL,'Fulham',NULL,NULL,'2020-12-28 20:30:00',NULL,NULL,2790,0),(592300,'West Brom',NULL,'Leeds',NULL,NULL,'2020-12-28 20:30:00',NULL,NULL,2790,0),(592301,'Brighton',NULL,'Wolves',NULL,NULL,'2021-01-02 20:30:00',NULL,NULL,2790,0),(592302,'Burnley',NULL,'Fulham',NULL,NULL,'2021-01-02 20:30:00',NULL,NULL,2790,0),(592303,'Chelsea',NULL,'Manchester City',NULL,NULL,'2021-01-02 20:30:00',NULL,NULL,2790,0),(592304,'Crystal Palace',NULL,'Sheffield Utd',NULL,NULL,'2021-01-02 20:30:00',NULL,NULL,2790,0),(592305,'Everton',NULL,'West Ham',NULL,NULL,'2021-01-02 20:30:00',NULL,NULL,2790,0),(592306,'Manchester United',NULL,'Aston Villa',NULL,NULL,'2021-01-02 20:30:00',NULL,NULL,2790,0),(592307,'Newcastle',NULL,'Leicester',NULL,NULL,'2021-01-02 20:30:00',NULL,NULL,2790,0),(592308,'Southampton',NULL,'Liverpool',NULL,NULL,'2021-01-02 20:30:00',NULL,NULL,2790,0),(592309,'Tottenham',NULL,'Leeds',NULL,NULL,'2021-01-02 20:30:00',NULL,NULL,2790,0),(592310,'West Brom',NULL,'Arsenal',NULL,NULL,'2021-01-02 20:30:00',NULL,NULL,2790,0),(592311,'Arsenal',NULL,'Crystal Palace',NULL,NULL,'2021-01-13 01:15:00',NULL,NULL,2790,0),(592312,'Aston Villa',NULL,'Tottenham',NULL,NULL,'2021-01-13 01:15:00',NULL,NULL,2790,0),(592313,'Fulham',NULL,'Manchester United',NULL,NULL,'2021-01-13 01:15:00',NULL,NULL,2790,0),(592314,'Leeds',NULL,'Southampton',NULL,NULL,'2021-01-13 01:15:00',NULL,NULL,2790,0),(592315,'Leicester',NULL,'Chelsea',NULL,NULL,'2021-01-13 01:15:00',NULL,NULL,2790,0),(592316,'Sheffield Utd',NULL,'Newcastle',NULL,NULL,'2021-01-13 01:15:00',NULL,NULL,2790,0),(592317,'West Ham',NULL,'West Brom',NULL,NULL,'2021-01-13 01:15:00',NULL,NULL,2790,0),(592318,'Wolves',NULL,'Everton',NULL,NULL,'2021-01-13 01:15:00',NULL,NULL,2790,0),(592319,'Liverpool',NULL,'Burnley',NULL,NULL,'2021-01-14 01:30:00',NULL,NULL,2790,0),(592320,'Manchester City',NULL,'Brighton',NULL,NULL,'2021-01-14 01:30:00',NULL,NULL,2790,0),(592321,'Arsenal',NULL,'Newcastle',NULL,NULL,'2021-01-16 20:30:00',NULL,NULL,2790,0),(592322,'Aston Villa',NULL,'Everton',NULL,NULL,'2021-01-16 20:30:00',NULL,NULL,2790,0),(592323,'Fulham',NULL,'Chelsea',NULL,NULL,'2021-01-16 20:30:00',NULL,NULL,2790,0),(592324,'Leeds',NULL,'Brighton',NULL,NULL,'2021-01-16 20:30:00',NULL,NULL,2790,0),(592325,'Leicester',NULL,'Southampton',NULL,NULL,'2021-01-16 20:30:00',NULL,NULL,2790,0),(592326,'Liverpool',NULL,'Manchester United',NULL,NULL,'2021-01-16 20:30:00',NULL,NULL,2790,0),(592327,'Manchester City',NULL,'Crystal Palace',NULL,NULL,'2021-01-16 20:30:00',NULL,NULL,2790,0),(592328,'Sheffield Utd',NULL,'Tottenham',NULL,NULL,'2021-01-16 20:30:00',NULL,NULL,2790,0),(592329,'West Ham',NULL,'Burnley',NULL,NULL,'2021-01-16 20:30:00',NULL,NULL,2790,0),(592330,'Wolves',NULL,'West Brom',NULL,NULL,'2021-01-16 20:30:00',NULL,NULL,2790,0),(592331,'Brighton',NULL,'Fulham',NULL,NULL,'2021-01-27 01:15:00',NULL,NULL,2790,0),(592332,'Burnley',NULL,'Aston Villa',NULL,NULL,'2021-01-27 01:15:00',NULL,NULL,2790,0),(592333,'Everton',NULL,'Leicester',NULL,NULL,'2021-01-27 01:15:00',NULL,NULL,2790,0),(592334,'Manchester United',NULL,'Sheffield Utd',NULL,NULL,'2021-01-27 01:30:00',NULL,NULL,2790,0),(592335,'West Brom',NULL,'Manchester City',NULL,NULL,'2021-01-27 01:30:00',NULL,NULL,2790,0),(592336,'Chelsea',NULL,'Wolves',NULL,NULL,'2021-01-28 01:15:00',NULL,NULL,2790,0),(592337,'Newcastle',NULL,'Leeds',NULL,NULL,'2021-01-28 01:15:00',NULL,NULL,2790,0),(592338,'Southampton',NULL,'Arsenal',NULL,NULL,'2021-01-28 01:15:00',NULL,NULL,2790,0),(592339,'Tottenham',NULL,'Liverpool',NULL,NULL,'2021-01-28 01:15:00',NULL,NULL,2790,0),(592340,'Crystal Palace',NULL,'West Ham',NULL,NULL,'2021-01-28 01:30:00',NULL,NULL,2790,0),(592341,'Arsenal',NULL,'Manchester United',NULL,NULL,'2021-01-30 20:30:00',NULL,NULL,2790,0),(592342,'Brighton',NULL,'Tottenham',NULL,NULL,'2021-01-30 20:30:00',NULL,NULL,2790,0),(592343,'Chelsea',NULL,'Burnley',NULL,NULL,'2021-01-30 20:30:00',NULL,NULL,2790,0),(592344,'Crystal Palace',NULL,'Wolves',NULL,NULL,'2021-01-30 20:30:00',NULL,NULL,2790,0),(592345,'Everton',NULL,'Newcastle',NULL,NULL,'2021-01-30 20:30:00',NULL,NULL,2790,0),(592346,'Leicester',NULL,'Leeds',NULL,NULL,'2021-01-30 20:30:00',NULL,NULL,2790,0),(592347,'Manchester City',NULL,'Sheffield Utd',NULL,NULL,'2021-01-30 20:30:00',NULL,NULL,2790,0),(592348,'Southampton',NULL,'Aston Villa',NULL,NULL,'2021-01-30 20:30:00',NULL,NULL,2790,0),(592349,'West Brom',NULL,'Fulham',NULL,NULL,'2021-01-30 20:30:00',NULL,NULL,2790,0),(592350,'West Ham',NULL,'Liverpool',NULL,NULL,'2021-01-30 20:30:00',NULL,NULL,2790,0),(592351,'Aston Villa',NULL,'West Ham',NULL,NULL,'2021-02-03 01:15:00',NULL,NULL,2790,0),(592352,'Burnley',NULL,'Manchester City',NULL,NULL,'2021-02-03 01:15:00',NULL,NULL,2790,0),(592353,'Fulham',NULL,'Leicester',NULL,NULL,'2021-02-03 01:15:00',NULL,NULL,2790,0),(592354,'Leeds',NULL,'Everton',NULL,NULL,'2021-02-03 01:15:00',NULL,NULL,2790,0),(592355,'Sheffield Utd',NULL,'West Brom',NULL,NULL,'2021-02-03 01:15:00',NULL,NULL,2790,0),(592356,'Wolves',NULL,'Arsenal',NULL,NULL,'2021-02-03 01:15:00',NULL,NULL,2790,0),(592357,'Manchester United',NULL,'Southampton',NULL,NULL,'2021-02-03 01:30:00',NULL,NULL,2790,0),(592358,'Newcastle',NULL,'Crystal Palace',NULL,NULL,'2021-02-04 01:15:00',NULL,NULL,2790,0),(592359,'Tottenham',NULL,'Chelsea',NULL,NULL,'2021-02-04 01:15:00',NULL,NULL,2790,0),(592360,'Liverpool',NULL,'Brighton',NULL,NULL,'2021-02-04 01:30:00',NULL,NULL,2790,0),(592361,'Aston Villa',NULL,'Arsenal',NULL,NULL,'2021-02-06 20:30:00',NULL,NULL,2790,0),(592362,'Burnley',NULL,'Brighton',NULL,NULL,'2021-02-06 20:30:00',NULL,NULL,2790,0),(592363,'Fulham',NULL,'West Ham',NULL,NULL,'2021-02-06 20:30:00',NULL,NULL,2790,0),(592364,'Leeds',NULL,'Crystal Palace',NULL,NULL,'2021-02-06 20:30:00',NULL,NULL,2790,0),(592365,'Liverpool',NULL,'Manchester City',NULL,NULL,'2021-02-06 20:30:00',NULL,NULL,2790,0),(592366,'Manchester United',NULL,'Everton',NULL,NULL,'2021-02-06 20:30:00',NULL,NULL,2790,0),(592367,'Newcastle',NULL,'Southampton',NULL,NULL,'2021-02-06 20:30:00',NULL,NULL,2790,0),(592368,'Sheffield Utd',NULL,'Chelsea',NULL,NULL,'2021-02-06 20:30:00',NULL,NULL,2790,0),(592369,'Tottenham',NULL,'West Brom',NULL,NULL,'2021-02-06 20:30:00',NULL,NULL,2790,0),(592370,'Wolves',NULL,'Leicester',NULL,NULL,'2021-02-06 20:30:00',NULL,NULL,2790,0),(592726,'Arsenal',NULL,'Leeds',NULL,NULL,'2021-02-13 20:30:00',NULL,NULL,2790,0),(592727,'Brighton',NULL,'Aston Villa',NULL,NULL,'2021-02-13 20:30:00',NULL,NULL,2790,0),(592728,'Chelsea',NULL,'Newcastle',NULL,NULL,'2021-02-13 20:30:00',NULL,NULL,2790,0),(592729,'Crystal Palace',NULL,'Burnley',NULL,NULL,'2021-02-13 20:30:00',NULL,NULL,2790,0),(592730,'Everton',NULL,'Fulham',NULL,NULL,'2021-02-13 20:30:00',NULL,NULL,2790,0),(592731,'Leicester',NULL,'Liverpool',NULL,NULL,'2021-02-13 20:30:00',NULL,NULL,2790,0),(592732,'Manchester City',NULL,'Tottenham',NULL,NULL,'2021-02-13 20:30:00',NULL,NULL,2790,0),(592733,'Southampton',NULL,'Wolves',NULL,NULL,'2021-02-13 20:30:00',NULL,NULL,2790,0),(592734,'West Brom',NULL,'Manchester United',NULL,NULL,'2021-02-13 20:30:00',NULL,NULL,2790,0),(592735,'West Ham',NULL,'Sheffield Utd',NULL,NULL,'2021-02-13 20:30:00',NULL,NULL,2790,0),(592736,'Arsenal',NULL,'Manchester City',NULL,NULL,'2021-02-20 20:30:00',NULL,NULL,2790,0),(592737,'Aston Villa',NULL,'Leicester',NULL,NULL,'2021-02-20 20:30:00',NULL,NULL,2790,0),(592738,'Brighton',NULL,'Crystal Palace',NULL,NULL,'2021-02-20 20:30:00',NULL,NULL,2790,0),(592739,'Burnley',NULL,'West Brom',NULL,NULL,'2021-02-20 20:30:00',NULL,NULL,2790,0),(592740,'Fulham',NULL,'Sheffield Utd',NULL,NULL,'2021-02-20 20:30:00',NULL,NULL,2790,0),(592741,'Liverpool',NULL,'Everton',NULL,NULL,'2021-02-20 20:30:00',NULL,NULL,2790,0),(592742,'Manchester United',NULL,'Newcastle',NULL,NULL,'2021-02-20 20:30:00',NULL,NULL,2790,0),(592743,'Southampton',NULL,'Chelsea',NULL,NULL,'2021-02-20 20:30:00',NULL,NULL,2790,0),(592744,'West Ham',NULL,'Tottenham',NULL,NULL,'2021-02-20 20:30:00',NULL,NULL,2790,0),(592745,'Wolves',NULL,'Leeds',NULL,NULL,'2021-02-20 20:30:00',NULL,NULL,2790,0),(592746,'Chelsea',NULL,'Manchester United',NULL,NULL,'2021-02-27 20:30:00',NULL,NULL,2790,0),(592747,'Crystal Palace',NULL,'Fulham',NULL,NULL,'2021-02-27 20:30:00',NULL,NULL,2790,0),(592748,'Everton',NULL,'Southampton',NULL,NULL,'2021-02-27 20:30:00',NULL,NULL,2790,0),(592749,'Leeds',NULL,'Aston Villa',NULL,NULL,'2021-02-27 20:30:00',NULL,NULL,2790,0),(592750,'Leicester',NULL,'Arsenal',NULL,NULL,'2021-02-27 20:30:00',NULL,NULL,2790,0),(592751,'Manchester City',NULL,'West Ham',NULL,NULL,'2021-02-27 20:30:00',NULL,NULL,2790,0),(592752,'Newcastle',NULL,'Wolves',NULL,NULL,'2021-02-27 20:30:00',NULL,NULL,2790,0),(592753,'Sheffield Utd',NULL,'Liverpool',NULL,NULL,'2021-02-27 20:30:00',NULL,NULL,2790,0),(592754,'Tottenham',NULL,'Burnley',NULL,NULL,'2021-02-27 20:30:00',NULL,NULL,2790,0),(592755,'West Brom',NULL,'Brighton',NULL,NULL,'2021-02-27 20:30:00',NULL,NULL,2790,0),(592756,'Aston Villa',NULL,'Wolves',NULL,NULL,'2021-03-06 20:30:00',NULL,NULL,2790,0),(592757,'Brighton',NULL,'Leicester',NULL,NULL,'2021-03-06 20:30:00',NULL,NULL,2790,0),(592758,'Burnley',NULL,'Arsenal',NULL,NULL,'2021-03-06 20:30:00',NULL,NULL,2790,0),(592759,'Chelsea',NULL,'Everton',NULL,NULL,'2021-03-06 20:30:00',NULL,NULL,2790,0),(592760,'Liverpool',NULL,'Fulham',NULL,NULL,'2021-03-06 20:30:00',NULL,NULL,2790,0),(592761,'Manchester City',NULL,'Manchester United',NULL,NULL,'2021-03-06 20:30:00',NULL,NULL,2790,0),(592762,'Sheffield Utd',NULL,'Southampton',NULL,NULL,'2021-03-06 20:30:00',NULL,NULL,2790,0),(592763,'Tottenham',NULL,'Crystal Palace',NULL,NULL,'2021-03-06 20:30:00',NULL,NULL,2790,0),(592764,'West Brom',NULL,'Newcastle',NULL,NULL,'2021-03-06 20:30:00',NULL,NULL,2790,0),(592765,'West Ham',NULL,'Leeds',NULL,NULL,'2021-03-06 20:30:00',NULL,NULL,2790,0),(592766,'Arsenal',NULL,'Tottenham',NULL,NULL,'2021-03-13 20:30:00',NULL,NULL,2790,0),(592767,'Crystal Palace',NULL,'West Brom',NULL,NULL,'2021-03-13 20:30:00',NULL,NULL,2790,0),(592768,'Everton',NULL,'Burnley',NULL,NULL,'2021-03-13 20:30:00',NULL,NULL,2790,0),(592769,'Fulham',NULL,'Manchester City',NULL,NULL,'2021-03-13 20:30:00',NULL,NULL,2790,0),(592770,'Leeds',NULL,'Chelsea',NULL,NULL,'2021-03-13 20:30:00',NULL,NULL,2790,0),(592771,'Leicester',NULL,'Sheffield Utd',NULL,NULL,'2021-03-13 20:30:00',NULL,NULL,2790,0),(592772,'Manchester United',NULL,'West Ham',NULL,NULL,'2021-03-13 20:30:00',NULL,NULL,2790,0),(592773,'Newcastle',NULL,'Aston Villa',NULL,NULL,'2021-03-13 20:30:00',NULL,NULL,2790,0),(592774,'Southampton',NULL,'Brighton',NULL,NULL,'2021-03-13 20:30:00',NULL,NULL,2790,0),(592775,'Wolves',NULL,'Liverpool',NULL,NULL,'2021-03-13 20:30:00',NULL,NULL,2790,0),(592776,'Brighton',NULL,'Newcastle',NULL,NULL,'2021-03-20 20:30:00',NULL,NULL,2790,0),(592777,'Burnley',NULL,'Leicester',NULL,NULL,'2021-03-20 20:30:00',NULL,NULL,2790,0),(592778,'Crystal Palace',NULL,'Manchester United',NULL,NULL,'2021-03-20 20:30:00',NULL,NULL,2790,0),(592779,'Fulham',NULL,'Leeds',NULL,NULL,'2021-03-20 20:30:00',NULL,NULL,2790,0),(592780,'Liverpool',NULL,'Chelsea',NULL,NULL,'2021-03-20 20:30:00',NULL,NULL,2790,0),(592781,'Manchester City',NULL,'Wolves',NULL,NULL,'2021-03-20 20:30:00',NULL,NULL,2790,0),(592782,'Sheffield Utd',NULL,'Aston Villa',NULL,NULL,'2021-03-20 20:30:00',NULL,NULL,2790,0),(592783,'Tottenham',NULL,'Southampton',NULL,NULL,'2021-03-20 20:30:00',NULL,NULL,2790,0),(592784,'West Brom',NULL,'Everton',NULL,NULL,'2021-03-20 20:30:00',NULL,NULL,2790,0),(592785,'West Ham',NULL,'Arsenal',NULL,NULL,'2021-03-20 20:30:00',NULL,NULL,2790,0),(592786,'Arsenal',NULL,'Liverpool',NULL,NULL,'2021-04-03 19:30:00',NULL,NULL,2790,0),(592787,'Aston Villa',NULL,'Fulham',NULL,NULL,'2021-04-03 19:30:00',NULL,NULL,2790,0),(592788,'Chelsea',NULL,'West Brom',NULL,NULL,'2021-04-03 19:30:00',NULL,NULL,2790,0),(592789,'Everton',NULL,'Crystal Palace',NULL,NULL,'2021-04-03 19:30:00',NULL,NULL,2790,0),(592790,'Leeds',NULL,'Sheffield Utd',NULL,NULL,'2021-04-03 19:30:00',NULL,NULL,2790,0),(592791,'Leicester',NULL,'Manchester City',NULL,NULL,'2021-04-03 19:30:00',NULL,NULL,2790,0),(592792,'Manchester United',NULL,'Brighton',NULL,NULL,'2021-04-03 19:30:00',NULL,NULL,2790,0),(592793,'Newcastle',NULL,'Tottenham',NULL,NULL,'2021-04-03 19:30:00',NULL,NULL,2790,0),(592794,'Southampton',NULL,'Burnley',NULL,NULL,'2021-04-03 19:30:00',NULL,NULL,2790,0),(592795,'Wolves',NULL,'West Ham',NULL,NULL,'2021-04-03 19:30:00',NULL,NULL,2790,0),(592796,'Brighton',NULL,'Everton',NULL,NULL,'2021-04-10 19:30:00',NULL,NULL,2790,0),(592797,'Burnley',NULL,'Newcastle',NULL,NULL,'2021-04-10 19:30:00',NULL,NULL,2790,0),(592798,'Crystal Palace',NULL,'Chelsea',NULL,NULL,'2021-04-10 19:30:00',NULL,NULL,2790,0),(592799,'Fulham',NULL,'Wolves',NULL,NULL,'2021-04-10 19:30:00',NULL,NULL,2790,0),(592800,'Liverpool',NULL,'Aston Villa',NULL,NULL,'2021-04-10 19:30:00',NULL,NULL,2790,0),(592801,'Manchester City',NULL,'Leeds',NULL,NULL,'2021-04-10 19:30:00',NULL,NULL,2790,0),(592802,'Sheffield Utd',NULL,'Arsenal',NULL,NULL,'2021-04-10 19:30:00',NULL,NULL,2790,0),(592803,'Tottenham',NULL,'Manchester United',NULL,NULL,'2021-04-10 19:30:00',NULL,NULL,2790,0),(592804,'West Brom',NULL,'Southampton',NULL,NULL,'2021-04-10 19:30:00',NULL,NULL,2790,0),(592805,'West Ham',NULL,'Leicester',NULL,NULL,'2021-04-10 19:30:00',NULL,NULL,2790,0),(592806,'Arsenal',NULL,'Fulham',NULL,NULL,'2021-04-17 19:30:00',NULL,NULL,2790,0),(592807,'Aston Villa',NULL,'Manchester City',NULL,NULL,'2021-04-17 19:30:00',NULL,NULL,2790,0),(592808,'Chelsea',NULL,'Brighton',NULL,NULL,'2021-04-17 19:30:00',NULL,NULL,2790,0),(592809,'Everton',NULL,'Tottenham',NULL,NULL,'2021-04-17 19:30:00',NULL,NULL,2790,0),(592810,'Leeds',NULL,'Liverpool',NULL,NULL,'2021-04-17 19:30:00',NULL,NULL,2790,0),(592811,'Leicester',NULL,'West Brom',NULL,NULL,'2021-04-17 19:30:00',NULL,NULL,2790,0),(592812,'Manchester United',NULL,'Burnley',NULL,NULL,'2021-04-17 19:30:00',NULL,NULL,2790,0),(592813,'Newcastle',NULL,'West Ham',NULL,NULL,'2021-04-17 19:30:00',NULL,NULL,2790,0),(592814,'Southampton',NULL,'Crystal Palace',NULL,NULL,'2021-04-17 19:30:00',NULL,NULL,2790,0),(592815,'Wolves',NULL,'Sheffield Utd',NULL,NULL,'2021-04-17 19:30:00',NULL,NULL,2790,0),(592816,'Arsenal',NULL,'Everton',NULL,NULL,'2021-04-24 19:30:00',NULL,NULL,2790,0),(592817,'Aston Villa',NULL,'West Brom',NULL,NULL,'2021-04-24 19:30:00',NULL,NULL,2790,0),(592818,'Fulham',NULL,'Tottenham',NULL,NULL,'2021-04-24 19:30:00',NULL,NULL,2790,0),(592819,'Leeds',NULL,'Manchester United',NULL,NULL,'2021-04-24 19:30:00',NULL,NULL,2790,0),(592820,'Leicester',NULL,'Crystal Palace',NULL,NULL,'2021-04-24 19:30:00',NULL,NULL,2790,0),(592821,'Liverpool',NULL,'Newcastle',NULL,NULL,'2021-04-24 19:30:00',NULL,NULL,2790,0),(592822,'Manchester City',NULL,'Southampton',NULL,NULL,'2021-04-24 19:30:00',NULL,NULL,2790,0),(592823,'Sheffield Utd',NULL,'Brighton',NULL,NULL,'2021-04-24 19:30:00',NULL,NULL,2790,0),(592824,'West Ham',NULL,'Chelsea',NULL,NULL,'2021-04-24 19:30:00',NULL,NULL,2790,0),(592825,'Wolves',NULL,'Burnley',NULL,NULL,'2021-04-24 19:30:00',NULL,NULL,2790,0),(592826,'Brighton',NULL,'Leeds',NULL,NULL,'2021-05-01 19:30:00',NULL,NULL,2790,0),(592827,'Burnley',NULL,'West Ham',NULL,NULL,'2021-05-01 19:30:00',NULL,NULL,2790,0),(592828,'Chelsea',NULL,'Fulham',NULL,NULL,'2021-05-01 19:30:00',NULL,NULL,2790,0),(592829,'Crystal Palace',NULL,'Manchester City',NULL,NULL,'2021-05-01 19:30:00',NULL,NULL,2790,0),(592830,'Everton',NULL,'Aston Villa',NULL,NULL,'2021-05-01 19:30:00',NULL,NULL,2790,0),(592831,'Manchester United',NULL,'Liverpool',NULL,NULL,'2021-05-01 19:30:00',NULL,NULL,2790,0),(592832,'Newcastle',NULL,'Arsenal',NULL,NULL,'2021-05-01 19:30:00',NULL,NULL,2790,0),(592833,'Southampton',NULL,'Leicester',NULL,NULL,'2021-05-01 19:30:00',NULL,NULL,2790,0),(592834,'Tottenham',NULL,'Sheffield Utd',NULL,NULL,'2021-05-01 19:30:00',NULL,NULL,2790,0),(592835,'West Brom',NULL,'Wolves',NULL,NULL,'2021-05-01 19:30:00',NULL,NULL,2790,0),(592836,'Arsenal',NULL,'West Brom',NULL,NULL,'2021-05-08 19:30:00',NULL,NULL,2790,0),(592837,'Aston Villa',NULL,'Manchester United',NULL,NULL,'2021-05-08 19:30:00',NULL,NULL,2790,0),(592838,'Fulham',NULL,'Burnley',NULL,NULL,'2021-05-08 19:30:00',NULL,NULL,2790,0),(592839,'Leeds',NULL,'Tottenham',NULL,NULL,'2021-05-08 19:30:00',NULL,NULL,2790,0),(592840,'Leicester',NULL,'Newcastle',NULL,NULL,'2021-05-08 19:30:00',NULL,NULL,2790,0),(592841,'Liverpool',NULL,'Southampton',NULL,NULL,'2021-05-08 19:30:00',NULL,NULL,2790,0),(592842,'Manchester City',NULL,'Chelsea',NULL,NULL,'2021-05-08 19:30:00',NULL,NULL,2790,0),(592843,'Sheffield Utd',NULL,'Crystal Palace',NULL,NULL,'2021-05-08 19:30:00',NULL,NULL,2790,0),(592844,'West Ham',NULL,'Everton',NULL,NULL,'2021-05-08 19:30:00',NULL,NULL,2790,0),(592845,'Wolves',NULL,'Brighton',NULL,NULL,'2021-05-08 19:30:00',NULL,NULL,2790,0),(592846,'Brighton',NULL,'West Ham',NULL,NULL,'2021-05-12 00:15:00',NULL,NULL,2790,0),(592847,'Burnley',NULL,'Leeds',NULL,NULL,'2021-05-12 00:15:00',NULL,NULL,2790,0),(592848,'Everton',NULL,'Sheffield Utd',NULL,NULL,'2021-05-12 00:15:00',NULL,NULL,2790,0),(592849,'Manchester United',NULL,'Leicester',NULL,NULL,'2021-05-12 00:30:00',NULL,NULL,2790,0),(592850,'West Brom',NULL,'Liverpool',NULL,NULL,'2021-05-12 00:30:00',NULL,NULL,2790,0),(592851,'Chelsea',NULL,'Arsenal',NULL,NULL,'2021-05-13 00:15:00',NULL,NULL,2790,0),(592852,'Newcastle',NULL,'Manchester City',NULL,NULL,'2021-05-13 00:15:00',NULL,NULL,2790,0),(592853,'Southampton',NULL,'Fulham',NULL,NULL,'2021-05-13 00:15:00',NULL,NULL,2790,0),(592854,'Tottenham',NULL,'Wolves',NULL,NULL,'2021-05-13 00:15:00',NULL,NULL,2790,0),(592855,'Crystal Palace',NULL,'Aston Villa',NULL,NULL,'2021-05-13 00:30:00',NULL,NULL,2790,0),(592856,'Brighton',NULL,'Manchester City',NULL,NULL,'2021-05-15 19:30:00',NULL,NULL,2790,0),(592857,'Burnley',NULL,'Liverpool',NULL,NULL,'2021-05-15 19:30:00',NULL,NULL,2790,0),(592858,'Chelsea',NULL,'Leicester',NULL,NULL,'2021-05-15 19:30:00',NULL,NULL,2790,0),(592859,'Crystal Palace',NULL,'Arsenal',NULL,NULL,'2021-05-15 19:30:00',NULL,NULL,2790,0),(592860,'Everton',NULL,'Wolves',NULL,NULL,'2021-05-15 19:30:00',NULL,NULL,2790,0),(592861,'Manchester United',NULL,'Fulham',NULL,NULL,'2021-05-15 19:30:00',NULL,NULL,2790,0),(592862,'Newcastle',NULL,'Sheffield Utd',NULL,NULL,'2021-05-15 19:30:00',NULL,NULL,2790,0),(592863,'Southampton',NULL,'Leeds',NULL,NULL,'2021-05-15 19:30:00',NULL,NULL,2790,0),(592864,'Tottenham',NULL,'Aston Villa',NULL,NULL,'2021-05-15 19:30:00',NULL,NULL,2790,0),(592865,'West Brom',NULL,'West Ham',NULL,NULL,'2021-05-15 19:30:00',NULL,NULL,2790,0),(592866,'Arsenal',NULL,'Brighton',NULL,NULL,'2021-05-23 20:30:00',NULL,NULL,2790,0),(592867,'Aston Villa',NULL,'Chelsea',NULL,NULL,'2021-05-23 20:30:00',NULL,NULL,2790,0),(592868,'Fulham',NULL,'Newcastle',NULL,NULL,'2021-05-23 20:30:00',NULL,NULL,2790,0),(592869,'Leeds',NULL,'West Brom',NULL,NULL,'2021-05-23 20:30:00',NULL,NULL,2790,0),(592870,'Leicester',NULL,'Tottenham',NULL,NULL,'2021-05-23 20:30:00',NULL,NULL,2790,0),(592871,'Liverpool',NULL,'Crystal Palace',NULL,NULL,'2021-05-23 20:30:00',NULL,NULL,2790,0),(592872,'Manchester City',NULL,'Everton',NULL,NULL,'2021-05-23 20:30:00',NULL,NULL,2790,0),(592873,'Sheffield Utd',NULL,'Burnley',NULL,NULL,'2021-05-23 20:30:00',NULL,NULL,2790,0),(592874,'West Ham',NULL,'Southampton',NULL,NULL,'2021-05-23 20:30:00',NULL,NULL,2790,0),(592875,'Wolves',NULL,'Manchester United',NULL,NULL,'2021-05-23 20:30:00',NULL,NULL,2790,0);
/*!40000 ALTER TABLE `fixtures` ENABLE KEYS */;
UNLOCK TABLES;
/*!50003 SET @saved_cs_client      = @@character_set_client */ ;
/*!50003 SET @saved_cs_results     = @@character_set_results */ ;
/*!50003 SET @saved_col_connection = @@collation_connection */ ;
/*!50003 SET character_set_client  = utf8mb4 */ ;
/*!50003 SET character_set_results = utf8mb4 */ ;
/*!50003 SET collation_connection  = utf8mb4_unicode_ci */ ;
/*!50003 SET @saved_sql_mode       = @@sql_mode */ ;
/*!50003 SET sql_mode              = 'STRICT_TRANS_TABLES,NO_ENGINE_SUBSTITUTION' */ ;
DELIMITER ;;
/*!50003 CREATE*/ /*!50017 DEFINER=`root`@`localhost`*/ /*!50003 TRIGGER `update_bets` AFTER UPDATE ON `fixtures` FOR EACH ROW UPDATE bets
    SET successful = CASE
		WHEN bets.bet_on = NEW.result THEN 1
        ELSE 0
        END
    WHERE bets.fixture_id = NEW.fixture_id */;;
DELIMITER ;
/*!50003 SET sql_mode              = @saved_sql_mode */ ;
/*!50003 SET character_set_client  = @saved_cs_client */ ;
/*!50003 SET character_set_results = @saved_cs_results */ ;
/*!50003 SET collation_connection  = @saved_col_connection */ ;

--
-- Table structure for table `users`
--

DROP TABLE IF EXISTS `users`;
/*!40101 SET @saved_cs_client     = @@character_set_client */;
/*!50503 SET character_set_client = utf8mb4 */;
CREATE TABLE `users` (
  `user_id` int NOT NULL AUTO_INCREMENT,
  `username` varchar(30) DEFAULT NULL,
  `coins` int DEFAULT NULL,
  PRIMARY KEY (`user_id`)
) ENGINE=InnoDB AUTO_INCREMENT=16 DEFAULT CHARSET=utf8mb4 COLLATE=utf8mb4_unicode_ci;
/*!40101 SET character_set_client = @saved_cs_client */;

--
-- Dumping data for table `users`
--

LOCK TABLES `users` WRITE;
/*!40000 ALTER TABLE `users` DISABLE KEYS */;
INSERT INTO `users` VALUES (9,'Liquid_Daze#4524',38),(10,'StrayKing#4944',100),(11,'amanbeer#6589',93),(12,'Leon77#6456',36),(13,'Envoy1810#2498',75),(14,'Sz14#3396',100),(15,'K4MIKAZ3#0464',108);
/*!40000 ALTER TABLE `users` ENABLE KEYS */;
UNLOCK TABLES;

--
-- Temporary view structure for view `v_next_matches`
--

DROP TABLE IF EXISTS `v_next_matches`;
/*!50001 DROP VIEW IF EXISTS `v_next_matches`*/;
SET @saved_cs_client     = @@character_set_client;
/*!50503 SET character_set_client = utf8mb4 */;
/*!50001 CREATE VIEW `v_next_matches` AS SELECT 
 1 AS `fixture_id`,
 1 AS `home`,
 1 AS `home_evens`,
 1 AS `away`,
 1 AS `away_evens`,
 1 AS `draw_evens`,
 1 AS `m_starts`,
 1 AS `m_ends`,
 1 AS `result`,
 1 AS `league_id`,
 1 AS `isPostponed`*/;
SET character_set_client = @saved_cs_client;

--
-- Dumping events for database 'matchbot'
--

--
-- Dumping routines for database 'matchbot'
--

--
-- Final view structure for view `v_next_matches`
--

/*!50001 DROP VIEW IF EXISTS `v_next_matches`*/;
/*!50001 SET @saved_cs_client          = @@character_set_client */;
/*!50001 SET @saved_cs_results         = @@character_set_results */;
/*!50001 SET @saved_col_connection     = @@collation_connection */;
/*!50001 SET character_set_client      = utf8mb4 */;
/*!50001 SET character_set_results     = utf8mb4 */;
/*!50001 SET collation_connection      = utf8mb4_unicode_ci */;
/*!50001 CREATE ALGORITHM=UNDEFINED */
/*!50013 DEFINER=`root`@`localhost` SQL SECURITY DEFINER */
/*!50001 VIEW `v_next_matches` AS select `a`.`fixture_id` AS `fixture_id`,`a`.`home` AS `home`,`a`.`home_evens` AS `home_evens`,`a`.`away` AS `away`,`a`.`away_evens` AS `away_evens`,`a`.`draw_evens` AS `draw_evens`,`a`.`m_starts` AS `m_starts`,`a`.`m_ends` AS `m_ends`,`a`.`result` AS `result`,`a`.`league_id` AS `league_id`,`a`.`isPostponed` AS `isPostponed` from (`fixtures` `a` join (select `fixtures`.`fixture_id` AS `fixture_id`,min(str_to_date(`fixtures`.`m_starts`,'%Y-%m-%d')) AS `next_fixture_date` from `fixtures` where (`fixtures`.`m_starts` > now()) group by `fixtures`.`fixture_id`) `b` on(((`a`.`fixture_id` = `b`.`fixture_id`) and (str_to_date(`a`.`m_starts`,'%Y-%m-%d') = `b`.`next_fixture_date`)))) order by `a`.`m_starts` */;
/*!50001 SET character_set_client      = @saved_cs_client */;
/*!50001 SET character_set_results     = @saved_cs_results */;
/*!50001 SET collation_connection      = @saved_col_connection */;
/*!40103 SET TIME_ZONE=@OLD_TIME_ZONE */;

/*!40101 SET SQL_MODE=@OLD_SQL_MODE */;
/*!40014 SET FOREIGN_KEY_CHECKS=@OLD_FOREIGN_KEY_CHECKS */;
/*!40014 SET UNIQUE_CHECKS=@OLD_UNIQUE_CHECKS */;
/*!40101 SET CHARACTER_SET_CLIENT=@OLD_CHARACTER_SET_CLIENT */;
/*!40101 SET CHARACTER_SET_RESULTS=@OLD_CHARACTER_SET_RESULTS */;
/*!40101 SET COLLATION_CONNECTION=@OLD_COLLATION_CONNECTION */;
/*!40111 SET SQL_NOTES=@OLD_SQL_NOTES */;

-- Dump completed on 2020-09-26 18:27:47
